{"cameraMode":{"drawMode":0,"name":"Shaded","section":"Shading Mode"},"sceneLighting":true,"audioPlay":false,"sceneViewState":{"m_AlwaysRefresh":false,"showFog":true,"showSkybox":true,"showFlares":true,"showImageEffects":true,"showParticleSystems":true,"showVisualEffectGraphs":true,"m_FxEnabled":true},"in2DMode":false,"pivot":{"x":1.0883796215057374,"y":4.386192321777344,"z":-11.288213729858399},"rotation":{"x":-0.18166257441043855,"y":-0.11329492181539536,"z":0.021059773862361909,"w":-0.9766103625297546},"size":6.558574676513672,"orthographic":false}