{"cameraMode":{"drawMode":0,"name":"Shaded","section":"Shading Mode"},"sceneLighting":true,"audioPlay":false,"sceneViewState":{"m_AlwaysRefresh":false,"showFog":true,"showSkybox":true,"showFlares":true,"showImageEffects":true,"showParticleSystems":true,"showVisualEffectGraphs":true,"m_FxEnabled":true},"in2DMode":false,"pivot":{"x":0.20420022308826447,"y":0.6703294515609741,"z":-1.8204413652420045},"rotation":{"x":-0.04628985375165939,"y":0.6979696154594421,"z":-0.04529618099331856,"w":-0.7132121324539185},"size":6.579415321350098,"orthographic":false}