{"cameraMode":{"drawMode":0,"name":"Shaded","section":"Shading Mode"},"sceneLighting":true,"audioPlay":false,"sceneViewState":{"m_AlwaysRefresh":false,"showFog":true,"showSkybox":true,"showFlares":true,"showImageEffects":true,"showParticleSystems":true,"showVisualEffectGraphs":true,"m_FxEnabled":true},"in2DMode":false,"pivot":{"x":0.20420022308826447,"y":0.6703294515609741,"z":-1.8204413652420045},"rotation":{"x":-0.21005018055438996,"y":0.4143916368484497,"z":-0.09891362488269806,"w":-0.8800011873245239},"size":7.508206367492676,"orthographic":false}